variant,aa_change,AF,gnomAD4.1_joint_POPMAX_AF,CADD_phred,SIFT_pred,Polyphen2_HDIV_pred,MetaLR_score,MetaLR_pred,fathmm-XF_coding_score,fathmm-XF_coding_pred,AlphaMissense_score,MutationTaster_pred,MutationAssessor_pred,PROVEAN_pred,MetaSVM_pred,REVEL_score,PM2,BS1,BA1,PP3,PS1,label
7-94412602-G-A,p.Gly475Ser,4.33708e-06,5.08484e-06,27.7,D,D,0.9876,D,0.959735,D,0.7846,D,H,D,D,0.975,True,False,False,True,True,Pathogenic
17-75001380-G-A,p.Glu78Lys,6.82605e-06,5.34516e-05,28.8,D,D,0.2694,T,0.907971,D,0.4835,N,M,D,T,0.35,True,False,False,True,True,Pathogenic
12-3616958-C-T,p.Ala703Thr,1.28984e-06,1.96186e-05,26.4,D,,0.6081,D,0.50382,D,0.2516,N,,N,D,0.556,True,False,False,True,True,Pathogenic
10-49612084-T-A,p.Phe448Leu,2.47893e-06,3.39009e-06,22.2,D,D,0.6339,D,0.38,N,0.9922,D,M,D,D,0.731,True,False,False,True,True,Pathogenic
11-55935674-A-G,p.Cys243Arg,6.20866e-07,1.10091e-05,17.78,D,B,0.0023,T,0.52364,D,0.5571,N,H,D,T,0.222,True,False,False,True,True,Pathogenic
5-32173810-C-G,p.Glu75Asp,1.38822e-06,2.9976e-05,34.0,D,D,0.4649,T,0.78537,D,0.9894,D,M,D,T,0.26,True,False,False,True,True,Pathogenic
11-17357001-G-A,p.Ala141Thr,1.32434e-06,1.76691e-06,32.0,D,D,0.0111,T,0.094571,N,0.271,N,M,N,T,0.099,True,False,False,True,True,Pathogenic
19-10339550-A-G,p.Leu22Pro,6.19621e-07,1.66617e-05,22.3,D,D,0.0323,T,0.078276,N,0.1459,N,L,D,T,0.237,True,False,False,True,True,Pathogenic
3-165059910-T-C,p.Ile380Val,6.20501e-07,8.48796e-07,23.2,D,P,0.8657,D,0.428898,N,0.3205,N,M,N,D,0.595,True,False,False,True,True,Pathogenic
12-22055488-C-T,p.Ser146Phe,6.22547e-07,8.4886e-07,33.0,D,D,0.5988,D,0.823864,D,0.9917,D,H,D,D,0.676,True,False,False,True,True,Pathogenic
2-70988680-G-A,p.Arg171Trp,1.05317e-05,1.33259e-05,32.0,D,B,0.2119,T,0.692861,D,0.5266,N,M,D,T,0.368,True,False,False,True,True,Pathogenic
16-57470324-C-T,p.Ala218Val,1.86143e-06,3.31009e-05,28.9,D,D,0.7434,D,0.958006,D,0.7567,,M,D,D,0.76,True,False,False,True,True,Pathogenic
20-13288621-G-A,p.Arg242Gln,6.19629e-06,1.33501e-05,34.0,T,D,0.5729,D,0.9109,D,0.5384,N,H,N,D,0.634,True,False,False,True,True,Pathogenic
14-58223783-C-T,p.Arg239Cys,9.30698e-06,1.33751e-05,26.1,T,B,0.7603,D,0.852883,D,0.2256,D,L,N,D,0.471,True,False,False,True,True,Pathogenic
6-6222120-G-A,p.Ala342Val,6.19614e-07,1.66678e-05,28.8,D,D,0.5902,D,0.964567,D,0.9485,D,H,D,D,0.96,True,False,False,True,True,Pathogenic
5-109774799-T-C,p.Leu403Pro,6.20511e-07,8.48021e-07,25.8,D,D,0.2826,T,0.925854,D,0.994,D,M,D,T,0.621,True,False,False,True,True,Pathogenic
19-12673239-T-G,p.Cys241Gly,6.19568e-07,8.47453e-07,24.7,D,P,0.2137,T,0.822956,D,0.2726,D,M,D,T,0.435,True,False,False,True,True,Pathogenic
1-225852688-T-C,p.Thr627Ala,6.19848e-07,8.47456e-07,26.0,D,D,0.15,T,0.884468,D,0.1723,N,M,D,T,0.278,True,False,False,True,True,Pathogenic
8-27671065-C-T,p.Pro512Leu,6.20253e-07,2.23005e-05,21.3,T,P,0.8692,D,0.138788,N,0.0803,N,L,D,D,0.419,True,False,False,True,True,Pathogenic
1-68438951-C-T,p.Cys330Tyr,1.85875e-06,2.5425e-06,27.7,D,D,0.8573,D,0.748594,D,0.9185,A,M,D,D,0.747,True,False,False,True,True,Pathogenic
4-113903455-A-G,p.Tyr207His,2.47799e-06,1.09784e-05,27.1,D,D,0.943,D,0.908029,D,0.6092,D,M,D,D,0.955,True,False,False,True,False,Likely Pathogenic
19-47319944-C-T,p.Ala56Val,6.19489e-07,2.22787e-05,18.66,T,D,0.129,T,0.146576,N,0.2219,N,L,D,T,0.232,True,False,False,False,True,Likely Pathogenic
1-152220023-C-G,p.Gly536Arg,6.19529e-07,8.47445e-07,1.163,D,P,0.0027,T,0.03725,N,0.2372,N,M,N,T,0.039,True,False,False,False,True,Likely Pathogenic
6-96896803-G-C,p.Leu61Val,6.19633e-07,8.47501e-07,19.37,D,B,0.5469,D,0.251953,N,0.3068,D,M,D,T,0.58,True,False,False,True,False,Likely Pathogenic
8-142846424-A-C,p.Lys71Gln,4.97389e-06,1.56182e-05,22.1,D,D,0.1206,T,0.060075,N,0.8559,N,M,D,T,0.159,True,False,False,True,False,Likely Pathogenic
13-50970030-G-A,p.Asp338Asn,6.71612e-07,9.15228e-07,2.454,,,,,,,0.0975,,,,,,True,False,False,False,True,Likely Pathogenic
2-79086891-C-A,p.Ser35Ile,6.19678e-07,8.47483e-07,17.56,D,P,0.0277,T,0.056647,N,0.181,N,H,D,T,0.113,True,False,False,True,False,Likely Pathogenic
11-55839451-A-T,p.Ser234Cys,6.19559e-07,8.47492e-07,13.8,D,B,0.0011,T,0.037844,N,0.0774,N,M,D,T,0.033,True,False,False,True,False,Likely Pathogenic
9-71734882-G-C,p.Asp439Glu,6.19583e-07,1.09791e-05,23.8,T,D,0.8475,D,0.504584,D,0.9712,D,,D,D,0.594,True,False,False,True,False,Likely Pathogenic
4-41747425-G-A,p.Ala118Val,6.43323e-07,8.66823e-07,32.0,D,D,0.2877,T,0.942479,D,0.8686,D,L,N,T,0.574,True,False,False,True,False,Likely Pathogenic
9-34371175-G-C,p.Ser590Cys,3.72521e-06,7.91916e-05,32.0,,D,0.8893,D,0.913894,D,0.6453,D,,,D,0.775,True,False,False,True,False,Likely Pathogenic
6-73292008-G-C,p.Arg66Gly,6.19633e-07,8.47463e-07,1.115,,P,0.0247,T,0.087728,N,0.1127,N,N,N,T,0.151,True,False,False,False,True,Likely Pathogenic
5-129620687-G-T,p.Trp516Cys,6.19919e-07,8.47919e-07,29.6,,,0.6637,D,0.933282,D,0.9993,D,,,D,0.798,True,False,False,True,False,Likely Pathogenic
9-127788226-G-A,p.Asp149Asn,6.19602e-07,8.47439e-07,33.0,D,D,0.906,D,0.818384,D,0.9997,N,M,D,D,0.922,True,False,False,True,False,Likely Pathogenic
14-20014746-A-G,p.Trp150Arg,6.19517e-07,8.47456e-07,24.5,,D,0.5545,D,0.472713,N,0.81,,H,,D,,True,False,False,True,False,Likely Pathogenic
8-23317015-C-T,p.Arg91Gln,4.95623e-06,2.22816e-05,20.5,,,,,0.457787,N,0.1391,,,,,,True,False,False,False,True,Likely Pathogenic
7-86839121-C-G,p.Pro536Arg,6.19543e-07,8.47471e-07,24.2,T,P,0.7042,D,0.838153,D,0.134,N,L,D,D,0.415,True,False,False,True,False,Likely Pathogenic
3-51393995-C-T,p.Leu866Phe,6.6105e-07,8.83934e-07,24.5,D,D,0.3269,T,0.721644,D,0.9013,,M,D,T,,True,False,False,True,False,Likely Pathogenic
5-53065079-T-G,p.Asn590Lys,6.20065e-07,8.48089e-07,14.58,D,D,0.1007,T,0.509644,D,0.8151,D,M,D,T,0.231,True,False,False,True,False,Likely Pathogenic
11-20601457-G-A,p.Ser111Asn,1.92574e-05,2.63111e-05,0.883,T,B,0.1138,T,0.153884,N,0.0781,N,N,N,T,0.064,True,False,False,False,True,Likely Pathogenic
17-41065538-G-A,p.Ser103Phe,2.60144e-06,2.6216e-06,18.19,D,,0.1168,T,0.034193,N,0.2119,N,,N,T,0.053,True,False,False,False,False,VUS
8-119102366-G-C,p.Gly104Ala,1.2439e-06,0.000165673,28.1,D,D,0.9899,D,0.923148,D,0.4381,D,H,D,D,0.958,False,True,False,True,False,VUS
1-150151027-A-G,p.Lys49Arg,6.19523e-07,8.47471e-07,15.89,T,B,0.0082,T,0.223202,N,0.0659,N,N,N,T,0.012,True,False,False,False,False,VUS
9-112890113-G-A,p.Ala190Val,3.09913e-06,4.23759e-06,16.38,T,B,0.0811,T,0.130684,N,0.0727,N,,N,T,0.024,True,False,False,False,False,VUS
16-67156582-C-T,p.Val27Ile,2.47815e-06,3.38974e-06,15.52,T,B,0.0629,T,0.093035,N,0.0965,N,L,N,T,0.054,True,False,False,False,False,VUS
10-68645176-T-C,p.Leu816Pro,1.85857e-06,1.69495e-06,18.08,T,B,0.0162,T,0.427209,N,0.183,N,L,N,T,0.12,True,False,False,False,False,VUS
12-10909256-C-T,p.Ala15Thr,1.85919e-06,3.29525e-05,6.309,T,B,0.058,T,0.035276,N,0.0916,N,L,N,T,0.079,True,False,False,False,False,VUS
1-231352888-C-A,p.Pro333Thr,6.81488e-06,9.32205e-06,18.08,T,B,0.1389,T,0.094096,N,0.1209,N,M,N,T,0.032,True,False,False,False,False,VUS
4-71567019-C-T,p.His1039Tyr,6.21076e-07,1.10084e-05,26.5,T,,0.4706,T,0.849562,D,0.0698,N,,N,T,0.419,True,False,False,False,False,VUS
6-47879879-T-G,p.Asn319Thr,6.28932e-07,1.34253e-05,18.95,,,0.3255,T,0.497475,N,0.0787,N,,,T,0.211,True,False,False,False,False,VUS
12-27755268-G-T,p.Glu264Ter,6.20007e-07,1.10517e-05,35.0,,,,,0.162188,N,,D,,,,,True,False,False,False,False,VUS
13-102731763-C-G,p.Ala6312Pro,6.44672e-07,8.72083e-07,0.32,,,0.0208,T,0.057562,N,0.1326,N,,,T,0.061,True,False,False,False,False,VUS
19-12792290-C-A,p.Tyr173Ter,6.68093e-07,1.29196e-05,33.0,,,,,0.337868,N,,D,,,,,True,False,False,False,False,VUS
14-104952646-C-A,p.Gln935His,1.24118e-06,2.70812e-05,3.596,T,B,0.0024,T,,,0.2188,N,L,N,T,0.013,True,False,False,False,False,VUS
14-87993419-T-G,p.Lys27Asn,6.51107e-07,8.71917e-07,3.19,D,B,0.0173,T,0.056521,N,0.2562,N,,N,T,0.031,True,False,False,False,False,VUS
7-1437974-G-C,p.Ala773Gly,1.28991e-06,1.36437e-05,18.9,T,B,0.0848,T,0.134703,N,0.1138,N,L,N,T,0.024,True,False,False,False,False,VUS
5-129620645-C-A,p.His502Gln,1.49225e-05,2.03957e-05,22.8,,,0.5601,D,0.43976,N,0.7798,N,,,T,0.502,True,False,False,False,False,VUS
18-36199769-A-C,p.Glu129Ala,1.48684e-05,0.000233248,27.5,D,D,0.2579,T,0.883828,D,0.3579,D,H,D,T,0.512,False,True,False,True,False,VUS
10-100498785-T-C,p.Lys535Arg,6.19654e-07,1.09794e-05,14.52,T,B,0.1154,T,0.059057,N,0.0781,N,N,N,T,0.032,True,False,False,False,False,VUS
7-7969495-G-C,p.Val49Leu,9.85066e-07,1.17381e-06,17.64,T,B,0.0485,T,0.107888,N,0.1075,N,N,N,T,0.036,True,False,False,False,False,VUS
1-152776646-G-A,p.Ser92Asn,3.04323e-05,0.0006268,13.81,,P,0.0066,T,0.038066,N,0.1265,N,M,N,T,0.075,False,True,False,False,False,Likely Benign
7-6692562-G-A,p.Pro127Leu,1.67317e-05,0.000164474,0.555,T,B,0.0038,T,,,0.0783,N,N,N,T,0.033,False,True,False,False,False,Likely Benign
3-124913235-T-C,p.Ser364Gly,0.00174249,0.0328613,0.388,,,0.1555,T,0.048538,N,0.1093,,N,,T,,False,True,False,False,False,Likely Benign
4-184712953-T-C,p.Ile227Val,6.29792e-06,0.000112628,0.007,T,B,0.0186,T,0.029738,N,0.0568,N,N,N,T,0.015,False,True,False,False,False,Likely Benign
1-119937344-C-T,p.Ala1154Thr,3.09764e-06,0.000167504,12.38,T,B,0.54,D,0.053027,N,0.0689,N,L,N,T,0.21,False,True,False,False,False,Likely Benign
22-24628222-G-A,p.Arg149His,5.70796e-05,0.000224618,0.643,T,,0.0184,T,0.078794,N,0.0852,N,,N,T,0.003,False,True,False,False,False,Likely Benign
1-94043413-G-A,p.Ala1038Val,0.00184804,0.00551304,21.8,T,B,0.4789,T,0.935556,D,0.1637,A,L,N,T,0.533,False,True,False,False,False,Likely Benign
1-222627617-C-T,p.His133Tyr,3.92588e-05,0.00131903,18.48,D,B,0.2359,T,0.160661,N,0.0958,N,,N,T,0.308,False,True,False,False,False,Likely Benign
19-18264661-C-T,p.Arg960Gln,9.66998e-06,0.000117675,11.87,T,,0.0122,T,0.063407,N,0.0997,N,,N,T,0.105,False,True,False,False,False,Likely Benign
5-69632946-T-A,p.Asp289Glu,5.37255e-06,0.000487805,5.952,,,,,,,,,,,,,False,True,False,False,False,Likely Benign
7-6462998-C-T,p.Ala177Thr,5.08072e-05,0.000164366,5.637,D,B,0.0606,T,0.109321,N,0.0689,N,,N,T,0.117,False,True,False,False,False,Likely Benign
1-160159474-G-C,p.Glu242Asp,6.19813e-07,0.000165071,19.1,T,B,0.2389,T,0.46624,N,0.0898,N,N,N,T,0.268,False,True,False,False,False,Likely Benign
11-65125777-C-T,p.Pro136Ser,8.05648e-06,0.000356506,23.9,T,D,0.1675,T,0.467506,N,0.3959,N,M,N,T,0.183,False,True,False,False,False,Likely Benign
8-19962174-T-C,p.Val461Ala,8.05543e-06,0.000493259,20.8,,B,0.1917,T,0.197202,N,0.1977,,L,,T,,False,True,False,False,False,Likely Benign
8-51409247-C-T,p.Val793Ile,7.82249e-05,0.00125436,0.569,T,B,0.0944,T,0.047568,N,0.1087,N,N,N,T,0.044,False,True,False,False,False,Likely Benign
1-186117578-A-G,p.Ile3935Val,0.000540906,0.00942039,1.062,T,B,0.0593,T,0.082378,N,0.0744,N,N,N,T,0.055,False,True,False,False,False,Likely Benign
9-136274936-G-C,p.Cys1099Trp,1.96817e-05,0.000130787,0.285,,,,,,,0.1599,,,,,,False,True,False,False,False,Likely Benign
2-141049214-T-C,p.Asn521Asp,4.11194e-05,0.000165017,21.7,T,P,0.3933,T,0.595866,D,0.1183,N,N,N,T,0.301,False,True,False,False,False,Likely Benign
5-140342755-T-C,p.Lys93Arg,2.23015e-05,0.000690577,18.57,T,P,0.0336,T,0.562013,D,0.0794,N,M,N,T,0.105,False,True,False,False,False,Likely Benign
19-21972326-A-T,p.Ile903Asn,8.68375e-06,0.000174694,0.002,T,,0.0136,T,0.021684,N,0.2297,N,N,N,T,0.06,False,True,False,False,False,Likely Benign
10-94355078-G-A,p.Pro194Leu,0.139895,0.296372,21.9,T,B,0.0,T,0.403461,N,0.0911,P,M,D,T,0.078,False,False,True,False,False,Benign
8-22625338-A-C,p.Leu138Arg,0.976333,0.99992,0.166,D,,0.0,T,0.017298,N,0.0599,P,,N,T,0.023,False,False,True,False,True,Benign
7-1442465-C-G,p.Ala480Pro,0.11979,0.407835,0.108,T,B,0.0,T,0.022063,N,0.0588,P,N,N,T,0.083,False,False,True,False,False,Benign
9-106925122-A-G,p.Met404Val,0.143597,0.181866,5.284,T,B,0.0,T,0.277184,N,0.0694,P,L,N,T,0.026,False,False,True,False,True,Benign
1-53737935-C-T,p.Gly44Ser,0.107789,0.400944,14.04,,,,,,,0.1226,,,,,,False,False,True,False,False,Benign
2-190534652-C-G,p.Gly2Arg,0.188694,0.243811,0.099,T,B,0.0,T,0.012863,N,0.0677,P,,N,T,0.016,False,False,True,False,False,Benign
9-5233855-C-A,p.Thr133Asn,0.00325075,0.0602022,1.107,T,D,0.0822,T,0.020636,N,0.1944,P,N,N,T,0.238,False,False,True,False,False,Benign
22-50744993-C-T,p.Pro351Leu,0.0735127,0.0945513,0.69,T,B,0.027,T,0.029112,N,0.0979,P,L,N,T,0.296,False,False,True,False,True,Benign
12-11091871-T-C,p.His120Arg,0.167371,0.536122,1.012,T,B,0.0026,T,0.034427,N,0.1051,P,L,D,T,0.024,False,False,True,False,False,Benign
9-19434982-C-T,p.Ala134Val,0.0197689,0.153776,19.32,T,B,0.0001,T,0.148191,N,0.0684,P,N,N,T,0.084,False,False,True,False,True,Benign
11-57380702-A-G,p.Cys3Arg,0.992531,1.0,2.236,T,B,0.0,T,0.014929,N,0.0822,P,N,N,T,0.014,False,False,True,False,False,Benign
13-102739284-C-T,p.Val3805Ile,0.792033,0.857868,0.166,,,,,,,0.0559,,,,,,False,False,True,False,False,Benign
7-101196120-G-A,p.Pro313Leu,0.121738,0.307522,7.204,D,,0.0009,T,0.096167,N,0.1181,P,,N,T,0.043,False,False,True,False,True,Benign
12-66169323-T-C,p.Tyr43Cys,0.0225403,0.145925,3.767,,,,,0.047827,N,0.0857,,,,,,False,False,True,False,True,Benign
12-116737803-C-T,p.Ser33Asn,0.024491,0.0693833,24.0,T,D,0.0483,T,0.67137,D,0.5316,P,,N,T,0.155,False,False,True,False,False,Benign
22-41998831-C-G,p.Gln5Glu,0.00561139,0.100425,24.4,T,D,0.0035,T,0.243517,N,0.1047,P,M,N,T,0.059,False,False,True,False,False,Benign
17-41160618-T-C,p.Tyr25Cys,0.0231181,0.428947,13.2,T,B,0.0,T,0.014778,N,0.0664,P,N,N,T,0.139,False,False,True,False,False,Benign
12-82399008-C-A,p.Gln249Lys,0.955187,0.999843,7.394,T,B,0.0,T,0.122309,N,0.0715,P,M,N,T,0.045,False,False,True,False,True,Benign
19-19302283-C-T,p.Arg290His,0.142874,0.221506,32.0,D,D,0.0015,T,0.802022,D,0.1223,P,M,N,T,0.183,False,False,True,True,True,Benign
12-55637489-G-A,p.Val200Met,0.424617,0.460714,18.76,T,D,0.0,T,0.049497,N,0.2852,P,L,N,T,0.055,False,False,True,False,False,Benign
